{"name":"fab41312-420a-417d-a76e-e638527b37e4","id":"/providers/Microsoft.Flow/flows/fab41312-420a-417d-a76e-e638527b37e4","type":"Microsoft.Flow/flows","properties":{"apiId":"/providers/Microsoft.PowerApps/apis/shared_logicflows","displayName":"SolveMath","definition":{"metadata":{"workflowEntityId":null,"flowclientsuspensionreason":"None","flowclientsuspensiontime":null,"creator":{"id":"5b33f933-90a8-4487-93dc-378cd43f8cd8","type":"User","tenantId":"95f9ff1d-1ab8-4a6c-ae41-36c3edcd3dcc"},"provisioningMethod":"FromDefinition","failureAlertSubscription":true,"clientLastModifiedTime":"2020-08-17T22:30:53.5536013Z"},"$schema":"https://schema.management.azure.com/providers/Microsoft.Logic/schemas/2016-06-01/workflowdefinition.json#","contentVersion":"1.0.0.0","parameters":{"$authentication":{"defaultValue":{},"type":"SecureObject"}},"triggers":{"manual":{"type":"Request","kind":"PowerApp","inputs":{"schema":{"type":"object","properties":{"Initializevariable_Value":{"type":"string","description":"Enter initial value","x-ms-powerflows-param-ispartial":false}},"required":["Initializevariable_Value"]}}}},"actions":{"HTTP":{"runAfter":{"Initialize_variable":["Succeeded"]},"type":"Http","inputs":{"method":"GET","uri":"https://api.mathjs.org/v4/?expr=@{encodeUriComponent(triggerBody()['Initializevariable_Value'])}"}},"Initialize_variable":{"runAfter":{},"type":"InitializeVariable","inputs":{"variables":[{"name":"ExpressionPA","type":"string","value":"@{triggerBody()['Initializevariable_Value']}"}]}},"Respond_to_a_PowerApp_or_flow":{"runAfter":{"HTTP":["Succeeded"]},"type":"Response","kind":"PowerApp","inputs":{"statusCode":200,"body":{"result":"@{body('HTTP')}"},"schema":{"type":"object","properties":{"result":{"title":"result","x-ms-dynamically-added":true,"type":"string"}}}}}}},"connectionReferences":{},"flowFailureAlertSubscribed":false}}